{"handbag": [0.001991537045576408, 0.10402426615107949, 0.04391988753083113, 0.4828846450299804, 0.1557295322418213, 0.09068270772695541], "handheld": [0.0064127631205294746, 0.08693214547161285, 0.058228863401451954, 0.41752565960603977, 0.13936474919319153, 0.05807259678840637], "pocket": [0.007723706999988003, 0.1987879340736288, 0.051481816743924345, 0.5863380540480707, 0.2847088575363159, 0.1940869688987732], "trolley": [0.0008814744848297851, 0.04195964471789315, 0.023680028350097707, 0.24770023001122218, 0.06359498202800751, 0.03521142154932022]}