{"bag": [0.004509126064948423, 0.20408590389706865, 0.005769349003779095, 0.6347605321802845, 0.29647504647479284, 0.19265698009630686], "body": [0.010119451737148538, 0.1870908674128312, 0.02020059421517697, 0.41535222774008734, 0.27984832496265094, 0.16432012333806437], "handheld": [0.006744969901373353, 0.10905921683086667, 0.015366162661980492, 0.3439001409320307, 0.16613316675290196, 0.09065314715358604], "leg": [0.02470722073025984, 0.26794676118549976, 0.04115548382384977, 1.001645191394988, 0.3814143851462108, 0.2678447452566077]}