{"ps": [0, 2.5, 0.1], "ws": [4.722808831461864, 16.150855897681716, 19.707332004204666, 19.10434032879695, 19.20795987836184, 19.606754553733236, 18.665363792073656, 17.631035625381696, 14.969535759864494, 11.609283505990952, 6.9872053565679, 4.266886187599397, 2.8200938018104758, 1.6540067256536282, 1.1061028457046247, 0.670123586289249, 0.4562398518688844, 0.4458240014928399, 0.6962981005004577, 1.9118572167493955, 8.405106119202047, 21.274570882513547, 22.73702407613483, 22.73702407613483, 22.73702407613483]}