{"1": [0.009299219071105634, 0.09509455809191211, 0.04227830242278566, 2.1884467786085327, 0.14782250028377686, 0.07441007842986173], "2": [0.007981995193286899, 0.0951766220808087, 0.05367061951137845, 2.203647444066983, 0.14750828508702613, 0.07488798798619739], "3": [0.00921301662289647, 0.09109101826335092, 0.04486273372069689, 2.0517774619379634, 0.1410004617776543, 0.07256879239130243], "4": [0.0075190148018682975, 0.0906192150361971, 0.05335701143665337, 2.053189335163844, 0.14001690921473378, 0.07211378707331027]}